네이버키워드,가게_URL
범박동%20카페65도씨,https://m.place.naver.com/restaurant/37459407
범박동%20블럭앤카페,https://m.place.naver.com/restaurant/1262904745
범박동%20한우세계,https://m.place.naver.com/restaurant/31629816
범박동%20마론,https://m.place.naver.com/restaurant/37435543
범박동%20부어치킨,https://m.place.naver.com/restaurant/1654229456
범박동%20정담은보쌈,https://m.place.naver.com/restaurant/37453109
범박동%20아구세상,https://m.place.naver.com/restaurant/35726775
범박동%20고봉민김밥인부천옥길점,https://m.place.naver.com/restaurant/900646304
범박동%20계림원,https://m.place.naver.com/restaurant/38591132
범박동%20전주콩나물국밥,https://m.place.naver.com/restaurant/41781108
범박동%20헨젤,https://m.place.naver.com/restaurant/782831457
범박동%20예당어죽닭발,https://m.place.naver.com/restaurant/37187175
범박동%20공간,https://m.place.naver.com/restaurant/1330739200
범박동%20BHC치킨,https://m.place.naver.com/restaurant/1416221622
범박동%20쥬시,https://m.place.naver.com/restaurant/1185246997
범박동%20본죽,https://m.place.naver.com/restaurant/1256987099
범박동%20영양사가차려주는밥상,https://m.place.naver.com/restaurant/1802642578
범박동%20청년다방,https://m.place.naver.com/restaurant/1605463968
범박동%20감탄떡볶이범박점,https://m.place.naver.com/restaurant/784508270
범박동%20명인참치,https://m.place.naver.com/restaurant/37038975
범박동%20범박식당,https://m.place.naver.com/restaurant/36438461
범박동%20도미노피자부천옥길점,https://m.place.naver.com/restaurant/872571013
범박동%20한라산도새기,https://m.place.naver.com/restaurant/58353341
범박동%20육대장,https://m.place.naver.com/restaurant/33758558
범박동%20이강숯불갈비,https://m.place.naver.com/restaurant/38711169
범박동%20죽이야기,https://m.place.naver.com/restaurant/12789908
범박동%20얌샘김밥,https://m.place.naver.com/restaurant/1232756989
범박동%20홍루이젠,https://m.place.naver.com/restaurant/1127590879
범박동%20이디야커피,https://m.place.naver.com/restaurant/33252921
범박동%20코바코,https://m.place.naver.com/restaurant/1247295677
범박동%20옥길동커피,https://m.place.naver.com/restaurant/387395309
범박동%20옥길동갈매기,https://m.place.naver.com/restaurant/1654114240
범박동%20커피에반하다,https://m.place.naver.com/restaurant/1525191265
범박동%20원할머니보쌈,https://m.place.naver.com/restaurant/12928616
범박동%20토프레소,https://m.place.naver.com/restaurant/1250249781
범박동%20테이크파이브,https://m.place.naver.com/restaurant/35769982
범박동%20Bhc치킨,https://m.place.naver.com/restaurant/1416221622
범박동%20이디아,https://m.place.naver.com/restaurant/33252921
범박동%20베스킨라빈스부천범박점,https://m.place.naver.com/restaurant/11783142
범박동%20박지훈Restaurant,https://m.place.naver.com/restaurant/37941936
범박동%20국수나무,https://m.place.naver.com/restaurant/33213315
소사본동%20국수나무,https://m.place.naver.com/restaurant/1884442386
소사본동%20신도시다방,https://m.place.naver.com/restaurant/1319124517
소사본동%20수란두화,https://m.place.naver.com/restaurant/1280069436
소사본동%20하늘분식,https://m.place.naver.com/restaurant/1146315162
소사본동%20두꺼비식당,https://m.place.naver.com/restaurant/1747514524
소사본동%20골뱅이포차,https://m.place.naver.com/restaurant/1455481695
소사본동%20한솥,https://m.place.naver.com/restaurant/13376437
소사본동%20바지락칼국수,https://m.place.naver.com/restaurant/37779128
소사본동%20복어대감,https://m.place.naver.com/restaurant/19392236
소사본동%20아싸비어소사,https://m.place.naver.com/restaurant/1311589639
소사본동%20세종구내매점,https://m.place.naver.com/restaurant/1001016921
소사본동%20남해아구찜,https://m.place.naver.com/restaurant/1489565187
소사본동%20산새공원카페,https://m.place.naver.com/restaurant/1597068937
소사본동%20대보포차,https://m.place.naver.com/restaurant/19441954
소사본동%20호원냉면,https://m.place.naver.com/restaurant/37700640
소사본동%20코리안바베큐,https://m.place.naver.com/restaurant/31609052
소사본동%20투썸플레이스부천MJ컨벤션점,https://m.place.naver.com/restaurant/1587830942
소사본동%20맛골김밥,https://m.place.naver.com/restaurant/36901147
소사본동%20황금풍천장어숯불꼼장어,https://m.place.naver.com/restaurant/1376874266
소사본동%20장충도도왕족발,https://m.place.naver.com/restaurant/21007382
소사본동%20슬비식당,https://m.place.naver.com/restaurant/19423849
소사본동%20복사골,https://m.place.naver.com/restaurant/1237333074
소사본동%20냠냠숯불두마리치킨,https://m.place.naver.com/restaurant/1925058319
소사본동%20사랑방왕돈까스,https://m.place.naver.com/restaurant/1966358552
소사본동%20반달커피,https://m.place.naver.com/restaurant/1237949116
소사본동%20응응스크르,https://m.place.naver.com/restaurant/1605068286
소사본동%20뽀독,https://m.place.naver.com/restaurant/36960478
소사본동%20카페,https://m.place.naver.com/restaurant/1138407256
소사본동%20마시쩡,https://m.place.naver.com/restaurant/1946667761
소사본동%20명륜진사갈비,https://m.place.naver.com/restaurant/1032702452
소사본동%20홍이모옛날통닭,https://m.place.naver.com/restaurant/1346409978
소사본동%20치킨플러스,https://m.place.naver.com/restaurant/1058896095
소사본동%20인생아구찜,https://m.place.naver.com/restaurant/1866387114
소사본동%20카페G,https://m.place.naver.com/restaurant/37243999
소사본동%20빨간통피자,https://m.place.naver.com/restaurant/38420349
소사본동%20낭만이흐르는호프앤포차,https://m.place.naver.com/restaurant/1417192031
소사본동%20이들,https://m.place.naver.com/restaurant/1866949154
소사본동%20소문난곱창,https://m.place.naver.com/restaurant/1846474123
소사본동%20수경왕만두,https://m.place.naver.com/restaurant/1509654853
소사본동%20국선참치,https://m.place.naver.com/restaurant/1906970032
소사본동%20BBQ치킨,https://m.place.naver.com/restaurant/11799011
소사본동%20소사떡집,https://m.place.naver.com/restaurant/1167902009
소사본동%20물에빠진스파게티,https://m.place.naver.com/restaurant/1844026433
소사본동%20칭구따라,https://m.place.naver.com/restaurant/1685095339
소사본동%20또묵지,https://m.place.naver.com/restaurant/1235843399
소사본동%20밀밭골국수,https://m.place.naver.com/restaurant/1956711994
소사본동%20옛날시골통닭,https://m.place.naver.com/restaurant/38643884
소사본동%20한잔비어,https://m.place.naver.com/restaurant/1706220241
소사본동%20한결남원추어탕,https://m.place.naver.com/restaurant/1579103195
소사본동%20우리집,https://m.place.naver.com/restaurant/19258436
소사본동%20한솥도시락서울신학대점,https://m.place.naver.com/restaurant/13376437
소사본동%20김밥천국,https://m.place.naver.com/restaurant/19258388
소사본동%20김밥마을,https://m.place.naver.com/restaurant/19438177
소사본동%2059피자,https://m.place.naver.com/restaurant/15006696
소사본동%20지리산솥뚜껑암돼지,https://m.place.naver.com/restaurant/1502032101
소사본동%20호원냉면&수제돈가스,https://m.place.naver.com/restaurant/37700640
소사본동%20오미청국장,https://m.place.naver.com/restaurant/31824962
소사본동%20show,https://m.place.naver.com/restaurant/15005272
소사본동%20자매분식,https://m.place.naver.com/restaurant/31729346
소사본동%20토암골옛날막창,https://m.place.naver.com/restaurant/1360727318
소사본동%20꾸브라꼬숯불두마리치킨,https://m.place.naver.com/restaurant/1617847608
소사본동%20피자마루,https://m.place.naver.com/restaurant/32637102
소사본동%20예찬솥밥추어탕,https://m.place.naver.com/restaurant/1405710770
소사본동%20소문난밥집,https://m.place.naver.com/restaurant/1092501825
소사본동%20스시990,https://m.place.naver.com/restaurant/13486894
소사본동%20향기커피호프,https://m.place.naver.com/restaurant/1108383015
소사본동%20피제이피자,https://m.place.naver.com/restaurant/1441189969
소사본동%20삼거리순대국식당,https://m.place.naver.com/restaurant/31619815
소사본동%20비어클럽,https://m.place.naver.com/restaurant/37321567
소사본동%20대보회수산,https://m.place.naver.com/restaurant/37320879
소사본동%20도레미호프타운,https://m.place.naver.com/restaurant/21162427
소사본동%20부길왕갈비,https://m.place.naver.com/restaurant/19258985
소사본동%20파리바게뜨,https://m.place.naver.com/restaurant/19258625
소사본동%20픽미픽미아이스,https://m.place.naver.com/restaurant/1590531154
소사본동%20화오양꼬치,https://m.place.naver.com/restaurant/1378383248
소사본동%20비어비워,https://m.place.naver.com/restaurant/1964373402
소사본동%20도로시,https://m.place.naver.com/restaurant/35850828
소사본동%20충남원,https://m.place.naver.com/restaurant/1962498384
소사본동%20달구벌곱창막창,https://m.place.naver.com/restaurant/1063594290
소사본동%20두꺼비포차,https://m.place.naver.com/restaurant/1747514524
소사본동%20양우포차,https://m.place.naver.com/restaurant/37319539
소사본동%20옛날짜장우동,https://m.place.naver.com/restaurant/1402229098
소사본동%20호커피,https://m.place.naver.com/restaurant/37069466
소사본동%20할머니집,https://m.place.naver.com/restaurant/21164942
소사본동%20종로떡,https://m.place.naver.com/restaurant/1472297575
소사본동%20시리우스호프,https://m.place.naver.com/restaurant/1654055932
소사본동%20이디야커피,https://m.place.naver.com/restaurant/1859138563
소사본동%20병천토부리순대,https://m.place.naver.com/restaurant/38503432
소사본동%20여우고개맛,https://m.place.naver.com/restaurant/1846729442
소사본동%20페리카나,https://m.place.naver.com/restaurant/11800334
소사본동%20또오래오리전문점,https://m.place.naver.com/restaurant/15005492
소사본동%20깻잎치킨,https://m.place.naver.com/restaurant/1925058319
소사본동%20부원분식,https://m.place.naver.com/restaurant/37319919
소사본동%20중화각,https://m.place.naver.com/restaurant/13507681
소사본동%20파리바게뜨,https://m.place.naver.com/restaurant/19258625
소사본동%20더안카페,https://m.place.naver.com/restaurant/37373390
소사본동%20요거프레소,https://m.place.naver.com/restaurant/19426121
소사본동%20민물장어산꼼장어전문점,https://m.place.naver.com/restaurant/1281652860
소사본동%20실로암교회카페,https://m.place.naver.com/restaurant/1138407256
소사본동%20사랑방왕돈까스,https://m.place.naver.com/restaurant/1966358552
소사본동%20마포주먹고기식당,https://m.place.naver.com/restaurant/15004596
소사본동%20삼거리순대국식당,https://m.place.naver.com/restaurant/31619815
소사본동%20페리카나,https://m.place.naver.com/restaurant/11800334
소사본동%20진미식당,https://m.place.naver.com/restaurant/1123230382
소사본동%20커피비,https://m.place.naver.com/restaurant/21161456
소사본동%20소머리국밥,https://m.place.naver.com/restaurant/1976952964
소사본동%20연탄불생고기,https://m.place.naver.com/restaurant/1895950550
소사본동%20맛나만두,https://m.place.naver.com/restaurant/1335339622
소사본동%20중앙식당,https://m.place.naver.com/restaurant/1614408508
소사본동%20붐비어,https://m.place.naver.com/restaurant/19258896
소사본동%20잔치떡집,https://m.place.naver.com/restaurant/37078344
소사본동%20더벤티,https://m.place.naver.com/restaurant/1196634922
소사본동%20카페웬디,https://m.place.naver.com/restaurant/1920610138
소사본동%20양가네가마솥영양탕,https://m.place.naver.com/restaurant/19258256
소사본동%20김파퍼베트남쌀국수,https://m.place.naver.com/restaurant/1967909465
소사본동%20이모네포차,https://m.place.naver.com/restaurant/1396847876
소사본동%20놀부빈대떡,https://m.place.naver.com/restaurant/21146418
소사본동%20친구네정육식당,https://m.place.naver.com/restaurant/1807177968
소사본동%20명태어장,https://m.place.naver.com/restaurant/1416915616
소사본동%20사랑채,https://m.place.naver.com/restaurant/1860248400
소사본동%20소소한사치,https://m.place.naver.com/restaurant/1592372044
소사본동%20카페정담,https://m.place.naver.com/restaurant/1967024146
소사본동%20오가네소머리국밥,https://m.place.naver.com/restaurant/1842624903
소사본동%20소사순대,https://m.place.naver.com/restaurant/1886805006
소사본동%20기분좋은커피,https://m.place.naver.com/restaurant/1539049144
소사본동%20영광한식부페,https://m.place.naver.com/restaurant/1407533759
소사본동%20셀렉토커피,https://m.place.naver.com/restaurant/1223891977
소사본동%20투썸플레이스,https://m.place.naver.com/restaurant/1587830942
소사본동%20양사부쿵푸짬뽕,https://m.place.naver.com/restaurant/1166112658
소사본동%20육회한통닭,https://m.place.naver.com/restaurant/1093339001
소사본동%20카페노랑,https://m.place.naver.com/restaurant/1757313670
소사본동%20반올림피자샵,https://m.place.naver.com/restaurant/1456386849
소사본동%20김밥천국,https://m.place.naver.com/restaurant/19258388
소사본동%20시골즉석손두부,https://m.place.naver.com/restaurant/35949249
소사본동%20쿠웨이트떡볶이,https://m.place.naver.com/restaurant/1118472800
소사본동%20Hocoffee,https://m.place.naver.com/restaurant/37069466
소사본동%20보원,https://m.place.naver.com/restaurant/1030632353
소사본동%20시골영양탕,https://m.place.naver.com/restaurant/99282753
소사본동%20시골영양탕,https://m.place.naver.com/restaurant/99282753
소사본동%20파리바게뜨,https://m.place.naver.com/restaurant/19258625
소사본동%20이디야커피,https://m.place.naver.com/restaurant/1859138563
소사본동%20월드대박,https://m.place.naver.com/restaurant/1452137309
소사본동%20행복한포차,https://m.place.naver.com/restaurant/1294807838
소사본동%20빵나라빵마을,https://m.place.naver.com/restaurant/1161387627
소사본동%20강호동치킨678,https://m.place.naver.com/restaurant/31215927
소사본동%20우정식당,https://m.place.naver.com/restaurant/1225254978
소사본동%20서신분식,https://m.place.naver.com/restaurant/15005802
소사본동%20바비큐,https://m.place.naver.com/restaurant/31609052
소사본동%20시골식당,https://m.place.naver.com/restaurant/1849759375
소사본동%20배진화옛날통닭,https://m.place.naver.com/restaurant/1798335246
소사본동%20크리스마스자몽,https://m.place.naver.com/restaurant/1569929289
소사본동%20복죽,https://m.place.naver.com/restaurant/38502262
소사본동%20젬마커피,https://m.place.naver.com/restaurant/1989058954
소사본동%20빙하시대,https://m.place.naver.com/restaurant/1606396107
소사본동%20진담,https://m.place.naver.com/restaurant/1311348194
소사본동%20카페무홀,https://m.place.naver.com/restaurant/1777936747
소사본동%20돈우네정육식당,https://m.place.naver.com/restaurant/1824141676
소사본동%20쌍둥이베트남쌀국수,https://m.place.naver.com/restaurant/1764452545
소사본동%20디저트구스,https://m.place.naver.com/restaurant/1373129500
소사본동%20여우애김밥,https://m.place.naver.com/restaurant/1169066043
소사본동%20아모르바베큐파티,https://m.place.naver.com/restaurant/1266260501
소사본동%20막창애삼겹,https://m.place.naver.com/restaurant/1432203959
소사본동%20무식한초밥,https://m.place.naver.com/restaurant/1905657965
소사본동%20건달치킨,https://m.place.naver.com/restaurant/1859149707
소사본동%20뉴욕어시장,https://m.place.naver.com/restaurant/1416579756
소사본동%20여수식당,https://m.place.naver.com/restaurant/37319273
소사본동%20카페,https://m.place.naver.com/restaurant/1138407256
소사본동%20하우마라탕,https://m.place.naver.com/restaurant/1468411813
소사본동%20아이스크림할인점와와,https://m.place.naver.com/restaurant/1655614685
소사본동%20경성짜장,https://m.place.naver.com/restaurant/1387644541
소사본동%20호식이두마리치킨,https://m.place.naver.com/restaurant/1782508210
소사본동%20태리로제떡볶이,https://m.place.naver.com/restaurant/1567144851
소사본동%20꽃하루앙금플라워,https://m.place.naver.com/restaurant/1065856417
소사본동%20부어치킨,https://m.place.naver.com/restaurant/1117053524
소사본동%20떡사랑,https://m.place.naver.com/restaurant/1294100811
소사본동%20남촌숯불갈비,https://m.place.naver.com/restaurant/1119578248
소사본동%20영스비어,https://m.place.naver.com/restaurant/1487888159
소사본동%20푸라닭,https://m.place.naver.com/restaurant/1398220990
소사본동%20라홍방마라탕,https://m.place.naver.com/restaurant/1316273216
소사본동%20국수와사랑에빠진날,https://m.place.naver.com/restaurant/1640043847
소사본동%20족발야시장,https://m.place.naver.com/restaurant/1356073284
소사본동%20강촌숯불닭광장,https://m.place.naver.com/restaurant/1700273285
소사본동%20아찔한국물떡볶이,https://m.place.naver.com/restaurant/1877276911
소사본동%20커피에반하다,https://m.place.naver.com/restaurant/1573534844
소사본동%20장금이분식,https://m.place.naver.com/restaurant/1277634716
소사본동%20명랑시대쌀핫도그,https://m.place.naver.com/restaurant/544052886
소사본동%20제육대가,https://m.place.naver.com/restaurant/1411771361
소사본동%20꼬꼬댁,https://m.place.naver.com/restaurant/1260923246
소사본동%20명동찌개마을,https://m.place.naver.com/restaurant/1916138332
소사본동%20순살만공격,https://m.place.naver.com/restaurant/1294284515
소사본동%20복사골전집,https://m.place.naver.com/restaurant/1206745222
소사본동%20라화쿵부,https://m.place.naver.com/restaurant/1023809877
소사본동%20스시희,https://m.place.naver.com/restaurant/1237335627
소사본동%20아이스365,https://m.place.naver.com/restaurant/1847907048
소사본동%20소새울양과점,https://m.place.naver.com/restaurant/1868045593
소사동%20부자돌솥설렁탕,https://m.place.naver.com/restaurant/21159051
소사동%20만나국수,https://m.place.naver.com/restaurant/1372188310
소사동%20마포갈매기소사역점,https://m.place.naver.com/restaurant/1849780442
소사동%20본죽,https://m.place.naver.com/restaurant/34787392
소사동%20돈토랑나랑,https://m.place.naver.com/restaurant/38503803
소사동%20부천성모장례식장,https://m.place.naver.com/restaurant/21529993
소사동%20충남방앗간,https://m.place.naver.com/restaurant/1043041864
소사동%20크로바커피숍,https://m.place.naver.com/restaurant/21145391
소사동%20집밥권선생,https://m.place.naver.com/restaurant/1925161363
괴안동%20동대문엽기떡볶이범박점,https://m.place.naver.com/restaurant/35927824
괴안동%20신정상회,https://m.place.naver.com/restaurant/1089637756
괴안동%20파리바게뜨,https://m.place.naver.com/restaurant/19261450
괴안동%20촌가추어탕,https://m.place.naver.com/restaurant/12862831
괴안동%20BBQ치킨,https://m.place.naver.com/restaurant/11799018
괴안동%20복사골포차,https://m.place.naver.com/restaurant/1518261131
괴안동%20경기부천소사지역자활센터음식점,https://m.place.naver.com/restaurant/1614166319
괴안동%20까페러브,https://m.place.naver.com/restaurant/35623918
괴안동%20바지락칼국수수제비,https://m.place.naver.com/restaurant/1111814208
괴안동%20두리마루,https://m.place.naver.com/restaurant/30982361
괴안동%20피자마루,https://m.place.naver.com/restaurant/33409604
괴안동%20페리카나,https://m.place.naver.com/restaurant/37687043
괴안동%20뚜레쥬르,https://m.place.naver.com/restaurant/1178871038
괴안동%20참치#,https://m.place.naver.com/restaurant/1541353164
괴안동%20이모네족발,https://m.place.naver.com/restaurant/20655657
괴안동%20낙원떡방앗간,https://m.place.naver.com/restaurant/19353155
괴안동%20맛나김밥,https://m.place.naver.com/restaurant/1325074976
괴안동%20처갓집양념치킨,https://m.place.naver.com/restaurant/31629654
"괴안동%20괴안,범박굽네치킨",https://m.place.naver.com/restaurant/13146391
괴안동%20멕시카나,https://m.place.naver.com/restaurant/11693221
괴안동%20싱싱수산,https://m.place.naver.com/restaurant/1445226341
괴안동%20피자스쿨,https://m.place.naver.com/restaurant/31627897
괴안동%20제일감자탕,https://m.place.naver.com/restaurant/1968827008
괴안동%20이모네족발,https://m.place.naver.com/restaurant/20655657
괴안동%20돈앤밥스,https://m.place.naver.com/restaurant/1668396166
괴안동%20윤피자,https://m.place.naver.com/restaurant/586335983
괴안동%20커피에반하다,https://m.place.naver.com/restaurant/1284146316
괴안동%20한마당식당,https://m.place.naver.com/restaurant/1137693195
괴안동%20영구스피자,https://m.place.naver.com/restaurant/38345043
괴안동%20바지락손칼국수,https://m.place.naver.com/restaurant/37592268
괴안동%20신정상회,https://m.place.naver.com/restaurant/1089637756
괴안동%20네네치킨,https://m.place.naver.com/restaurant/11779297
괴안동%20맛나,https://m.place.naver.com/restaurant/18914227
